"comic_id","collection_id"
15808,16621
37400,21085
29453,29452
29452,29453
26501,28798
25939,25940
25325,31495
26677,26678
25938,25940
26676,26678
27577,25940
24164,26678
24241,25940
23940,26763
23850,29131
23934,27188
23965,26678
24040,25940
23984,26763
23748,26763
23744,27188
23765,26678
23610,24087
23790,26763
23605,26678
23116,24087
23117,24087
23118,24087
23167,23884
23109,26678
23161,24089
22876,27188
22991,23884
22484,26705
22918,24087
22919,24087
22920,24087
22908,26678
22527,23208
22985,24089
22471,23195
22544,28596
22475,27188
22512,24087
22513,24087
22514,24087
22575,23884
22566,24089
21947,26705
22265,23195
22332,23208
22853,29389
22852,29389
22306,24087
22307,24087
22308,24087
22355,23879
22356,23879
22376,24089
22384,23884
22387,27359
22851,29389
26923,24316
21936,23195
21967,23677
21968,23677
22850,29389
21982,24087
21983,24087
22001,23208
22021,24958
22021,24957
22052,23884
22028,23879
22029,23879
21708,23195
21709,22410
21710,27188
21767,23208
21535,23677
21536,23677
21787,23879
21506,23195
21508,27188
21518,26705
21507,22410
21520,22397
21572,23208
21589,23879
21543,22400
20993,24316
20999,23677
21325,23195
25378,23677
21326,22410
21330,27188
21340,22397
21363,22400
21398,23208
21415,23879
21416,23879
20674,24514
21176,21818
21187,26705
21220,21811
21177,22410
21189,22397
21223,22400
21252,23208
21272,23879
21273,23879
21274,23879
21275,23879
21276,23879
21277,23879
20967,21608
21014,21823
20845,26705
20863,23677
20966,21818
21006,21811
20981,22397
21034,23208
21059,22400
20829,21818
20830,21608
20837,21085
20872,21811
20882,21823
20652,26705
20842,22061
20847,22397
20682,21289
20876,22400
17363,21604
20637,21818
20647,22061
20677,21811
20680,24066
20680,21426
20684,21823
20689,21432
20689,17675
20638,21608
20654,22397
20663,24316
20668,23677
17641,21289
20646,21085
17584,21818
17585,21608
17599,22061
17600,22061
17637,21057
17647,21432
17647,17675
17353,24514
17353,21422
17575,22395
17618,24316
17640,24066
17640,21426
17643,21823
17595,22395
17675,21432
17247,21085
17615,22395
17624,23677
6193,17472
17576,22395
17623,23677
17649,21065
17229,21604
17334,22395
17343,20719
17359,22061
17399,24066
17399,21426
16519,21802
17344,21608
17356,22395
21915,22395
17293,21085
17336,22395
17378,24316
17205,22395
17213,20719
20803,17304
17223,22395
17227,22061
16481,21604
16559,21287
16560,21287
17241,22395
16119,21422
17206,22395
17254,21283
17254,21085
16600,22395
16441,21618
16452,20719
16491,17304
15965,21802
16476,22061
16547,24066
16547,21426
16444,16661
16443,21618
16440,21618
16451,20719
16542,17302
16565,20728
16610,16636
16610,16036
16467,21618
16475,21424
16475,17325
16557,21287
16558,21287
16134,17304
16450,20719
16479,21604
16504,21618
16513,17326
16522,17305
6314,16204
15946,16630
16442,21618
16103,16661
16122,23217
16122,16643
16131,17324
16162,21300
16162,17302
16183,21300
16101,21618
16171,16642
20801,17313
6309,21422
16108,20719
16120,21618
16125,21424
16125,17325
16144,20727
16142,21618
16146,20938
16147,17326
16149,16628
16151,17305
16155,17308
15829,16630
15922,16661
15968,21283
15989,16644
16102,21618
16128,21604
16137,20941
16141,17301
16152,20724
16168,21287
16169,21287
5956,17472
6039,17472
15855,21802
15920,21618
15931,20720
15939,23217
15939,16643
15942,21300
15947,17324
15986,16642
15999,21300
15926,16621
15927,16621
15937,21618
15941,21424
15941,17325
15960,21300
15961,17313
15976,21300
15976,17302
15983,21287
15984,21287
16005,20734
16010,17682
13496,16654
3541,20718
15938,20919
15938,21085
15949,16637
15958,21618
15962,17326
15964,16628
15966,17305
15970,17308
15981,20923
16003,17451
15921,21618
15940,17325
15943,21604
15943,20940
15944,17679
15950,21300
15955,17301
15974,17678
15994,16653
13506,16659
15800,21618
15804,16661
15814,16217
15820,16638
15821,16638
15830,17324
15851,17313
15857,16632
15883,16654
15889,21300
13438,23217
13438,16643
13445,16630
13487,16636
15809,16621
15824,21424
15824,17325
15825,21300
15843,16620
15850,21300
15850,17681
15853,17452
15874,21618
15874,17691
15875,16642
15880,16644
15891,17688
13503,16659
13504,16659
15811,20723
15813,16217
15819,21085
15819,17312
15852,17326
15854,16628
15856,17305
15871,20924
15872,21287
15873,21287
15886,20732
21912,21287
15803,17431
15827,16629
15839,16637
15845,17301
15860,17308
15865,16215
15866,16641
15867,17439
15869,17302
15881,17683
15885,16653
13441,16206
20776,17442
13431,20720
13435,17441
13446,17324
13457,16200
13480,16632
13481,21283
6152,21424
6152,17325
6333,16630
13422,16216
13424,16661
13461,16620
13470,16227
13474,16207
13484,20918
13493,16642
13498,5187
13423,16023
13427,16621
13429,16021
13433,16217
13471,17313
13477,21802
13501,16659
13502,16659
5715,15893
6306,17304
6321,16643
6328,16636
13437,17312
13439,16638
13440,16638
13447,16208
13469,16205
13472,17326
13473,17326
13475,16628
13478,17305
13479,23217
13488,16215
13494,16644
13443,16629
13455,16637
13464,17301
13483,17308
13489,17302
13492,16219
13497,16653
6120,24514
6120,21422
6247,16017
6294,15904
6338,16206
20777,15900
6283,16659
6297,16659
6330,16216
6331,16632
6334,16021
6336,16207
6340,20720
6342,16661
6162,17304
6195,16198
6211,16200
6248,16198
6282,16621
6290,16217
6296,16022
6300,17680
6301,21802
6305,15899
6140,16654
6153,16630
6190,16204
6223,16023
6239,16637
6244,16227
6256,16644
6261,16638
6262,16638
6265,17312
6266,16208
6267,16628
6270,17305
6273,17326
6274,16205
6173,16025
6179,16636
6213,16620
6214,17301
6219,16641
6220,16215
6226,17308
6228,16659
6229,16659
6232,17302
6234,16653
6237,16219
6242,16629
6245,15897
6036,17314
6161,16206
6164,16630
6166,20744
6180,16643
6184,15904
6185,16632
6186,13527
6187,16207
6192,20720
6037,16639
6104,16017
6111,16217
6136,16200
6145,16637
6148,16216
6154,16021
6155,16627
6160,15899
5683,17304
5945,16198
6038,16025
6076,15894
6103,6279
6110,16638
6116,20927
6117,16205
6119,17316
6121,16638
6122,17312
6123,13514
6124,16219
6127,16208
6129,16628
6130,17305
5797,17472
5803,6480
5803,6139
5892,17472
6010,21424
6010,17325
6014,15905
6077,16023
6079,16621
6081,16227
6083,16629
6087,16215
6090,16022
6093,16653
6097,21802
6099,15897
6100,17301
6101,16620
6102,15895
20805,6134
21871,21802
5818,6189
5823,13517
5894,21421
5894,6289
5895,6289
5943,16017
5957,13512
5967,20720
5994,13525
5996,13516
6000,16627
6001,16207
6020,16216
6047,13513
6057,16206
5793,6415
5793,6133
5794,6133
5794,6415
5808,6445
5808,6167
5859,6133
5859,6415
5864,21283
5869,16636
5982,15899
5985,16625
6006,16630
6011,16632
6019,15904
6027,16641
6030,16217
6056,16654
5674,24514
5674,21422
5770,16198
5961,13514
5963,17312
5965,16638
5977,16205
5995,16638
5997,13519
6002,13521
6003,16208
6005,16021
6007,13527
6021,17437
6046,16219
6052,16636
5874,16216
5934,6279
5938,15894
5940,16200
5942,16023
5946,15895
5948,16620
5951,16199
5952,17301
5973,16204
5979,16227
5983,13518
5999,13520
6013,16022
5778,16216
5792,6194
5795,16667
5805,13513
5810,6307
5884,17301
5889,16025
5394,6289
5523,21421
5523,6289
5564,17304
5800,16208
5801,13512
5815,23677
5815,20720
5831,16625
5839,13516
5847,16627
5848,16207
5861,16632
5875,13526
5902,1045
21907,23677
5240,6139
5240,6480
5763,6279
5769,16198
5788,16199
5796,13511
5804,16217
5806,16021
5824,16205
5828,15899
5853,16630
5854,13527
5679,6189
5779,16017
5809,13514
5812,16638
5819,16204
5821,16623
5842,6318
5843,13519
5849,13521
5863,16022
5866,6163
5867,6132
5888,16639
5917,13521
5227,6415
5227,6133
5229,6133
5229,6415
5245,6445
5245,6167
5266,16625
5270,13525
5295,6133
5295,6415
5775,15894
5776,16200
5777,16023
5781,15895
5783,16620
5811,15897
5826,16227
5829,13518
5845,13520
5887,17314
5417,21422
5632,16216
5650,6194
5653,15896
5655,16667
5658,17472
5667,13513
5668,5968
5670,6307
5677,13516
5682,16623
5684,13517
5712,6268
5720,15896
5727,16636
5729,13526
5731,13537
5748,16025
5751,16623
5087,6480
5087,6139
5269,13525
5413,16212
5567,15900
5620,16198
5642,16199
5647,6311
5652,16020
5657,13511
5663,6163
5666,6341
5672,15898
5688,16624
5691,5984
5694,13525
5717,16630
5723,21283
5723,21085
5723,17673
5730,15900
5742,13529
5622,13527
5629,16200
5633,16017
5634,15895
5656,17301
5661,6277
5669,13514
5675,15910
5686,16205
5701,13519
5710,16627
5713,13521
5728,13526
5732,5968
5741,16200
5747,16639
5518,5972
5617,6279
5619,16198
5628,15894
5631,16023
5635,6040
5662,13512
5664,6132
5665,6318
5671,15897
5680,16204
5687,16227
5692,13518
5707,13520
5726,5431
5746,17314
5223,5972
5393,13511
5400,6163
5402,13537
5408,13513
5473,16636
5473,16036
5476,13526
5481,17472
5499,16216
5517,6311
5526,15896
5532,17472
5094,6167
5094,6445
5116,13525
5352,16198
5374,16199
5412,6307
5418,13508
5422,6189
5437,16625
5438,13525
5472,16627
5538,6132
5546,5968
5558,13516
5594,16627
5595,6268
3228,5185
5047,16015
5075,6415
5075,6133
5077,6415
5077,6133
5142,6133
5142,6415
5188,5766
5248,16213
5259,15900
5388,16020
5415,15898
5423,16204
5428,13517
5429,5825
5435,5984
5467,6415
5467,6133
5522,6194
5527,15896
5528,6133
5528,6415
5544,6341
5569,16624
5596,13521
15796,5993
18473,13527
5226,21421
5226,6289
5232,6289
5267,6188
5379,6311
5398,13512
5411,5636
5426,16623
5488,16198
5500,15895
5529,16667
5534,6277
5585,5993
5591,13519
5294,5959
5358,13536
5360,15894
5404,6318
5414,15897
5436,13518
5475,13526
5480,15897
5498,16023
5501,6040
5592,13520
5603,15896
5096,16213
5202,16216
5218,16199
5224,5972
5231,13511
5238,6132
5239,13537
5243,13513
5244,5968
5247,6307
5253,13516
5285,6268
4456,5561
5189,5768
5200,13508
5219,16019
5225,6194
5228,16020
5242,6341
5254,6189
5257,13517
5258,5825
5260,16624
5262,5984
5265,6337
5281,13519
5288,13521
5071,5972
5115,13525
5201,16023
5204,5636
5222,6311
5230,16667
5234,6277
5249,15898
5255,16623
15789,17314
15789,6316
18472,13527
4799,6139
4799,6480
5199,15894
5207,15897
5208,6040
5217,15910
5235,13512
5237,6163
5241,6318
5246,5780
5263,5830
5286,13519
5299,13524
15799,15905
4244,15893
4806,6167
4806,6445
4823,6304
5042,16199
5050,16216
5069,6311
5070,5972
5073,21421
5073,6289
5080,6289
5084,5959
5086,13537
5091,6450
5091,6341
5092,13513
5095,6307
5098,5678
5114,6188
5123,6268
5138,16199
4741,16015
4786,6415
4786,6133
4787,6415
4787,6133
5031,5933
5034,24514
5034,5766
5048,13508
5065,16019
5072,6194
5076,16020
5079,13511
5082,5346
5093,5968
5099,6189
5104,5825
5110,5984
5112,6337
5133,13521
5144,17307
4774,5561
4798,5543
5035,5768
5038,5782
5045,15898
5052,5636
5055,15897
5078,16667
5085,6132
5102,16623
5105,16624
5131,13528
5043,16016
5049,16023
5053,5780
5056,6040
5068,6311
5083,6163
5089,6318
5103,13517
5111,5830
15797,5993
4754,16216
4777,16019
4780,6194
4782,5782
4796,5959
4803,6450
4803,6341
4804,13513
4821,6188
4736,24514
4736,5766
4745,16199
4751,13508
4755,6307
4784,3438
4785,21421
4785,6289
4790,6289
4805,5968
4807,16213
4810,5678
4838,6268
4424,16037
4445,23217
4445,5209
4733,5933
4738,5768
4748,6135
4783,15904
4789,13511
4811,6189
4815,5825
4817,5264
4820,6337
4300,5561
4480,5959
4734,5349
4740,5782
4756,5636
4758,16624
4764,15897
4765,6040
4781,4746
4788,16667
4793,5346
4814,6215
4819,6304
4421,6480
4421,6139
4423,16015
4744,16199
4753,16023
4757,5780
4795,6163
4797,6132
4801,6318
4818,5830
4418,5968
4425,5216
4431,6445
4431,6167
4432,13508
4437,16216
4438,16213
4439,5203
4459,17475
4462,16019
4462,6450
4471,16667
4482,5543
4485,5678
4497,6304
4500,6188
4516,5216
4269,5044
4324,5959
4422,5782
4429,5197
4435,16023
4440,5636
4450,6450
4450,6341
4466,21421
4466,6289
4468,6415
4468,6133
4469,6415
4469,6133
4473,16666
4474,6289
4479,5090
4494,5264
4498,6337
4290,23217
4290,5209
4411,5933
4415,13519
4419,5425
4426,16199
4428,6135
4436,16216
4443,6134
4460,13511
4470,16667
4472,16667
4477,5346
4490,6215
4491,5825
4496,6304
4514,6415
4514,6133
4186,5205
4272,4737
4413,5349
4414,5487
4434,16023
4442,5780
4446,15897
4447,6040
4457,5561
4481,6132
4495,5830
4505,5993
4252,6280
4259,5190
4262,6139
4262,6480
4264,16015
4265,5936
4266,5216
4267,4746
4273,5197
4274,17475
4277,6445
4277,6167
4278,13508
4281,4441
4283,16213
4284,5203
4306,16019
4306,6450
4316,16667
4328,5678
4340,6304
4014,15893
4248,5933
4253,24514
4253,5766
4280,5124
4282,6137
4311,21421
4311,6289
4318,16666
4325,6132
4326,5543
4337,5264
4338,15897
4343,5124
4175,4749
4256,13519
4258,5190
4260,5425
4263,5057
4270,6135
4287,6134
4295,4769
4304,5268
4313,6133
4313,6415
4317,16667
4321,5346
4327,5784
4332,6215
4245,5032
4249,5349
4254,5487
4285,4767
4286,5780
4292,5054
4293,13529
4315,16667
4323,5090
4339,6304
4033,5762
4133,13510
4145,23217
4145,5209
4159,4746
4168,5044
4172,4737
4173,5197
4174,17475
4176,4750
4177,6167
4177,6445
4195,15897
4198,4772
4136,5933
4149,5190
4155,5936
4156,5216
4178,13508
4183,5203
4210,5268
4211,16019
4219,16667
4225,5959
4226,4417
4227,5037
4229,5678
17333,5936
3628,5618
4150,5425
4152,5543
4153,5057
4154,16015
4181,4441
4182,6137
4188,6134
4192,4762
4221,16666
4230,6215
4236,5264
4243,6215
4074,5205
4117,5959
4138,5349
4144,13519
4146,5124
4170,6135
4184,4767
4187,4759
4193,4763
4200,4769
4220,16667
4132,5032
4143,5487
4148,5190
4158,4746
4169,13516
4171,5046
4185,5780
4189,4760
4194,5054
4196,13529
4213,5784
4216,6133
4216,6415
4217,6133
4217,6415
4218,16667
4224,5090
3980,4275
15695,5708
20629,4749
4022,24514
4022,5766
4025,5209
4028,4737
4029,5935
4035,4731
4039,5941
4044,5216
4054,5044
4058,5197
4059,4430
4061,17475
4065,5941
4066,15910
4081,15897
4086,4772
4098,4458
4107,5198
4109,16667
4018,5933
4023,5487
4038,5425
4040,4501
4043,5936
4063,5939
4068,4441
4069,6137
4070,5203
4077,4760
4078,4762
4102,5268
4111,16666
4119,6215
4016,13510
4019,5349
4027,5124
4034,5190
4045,4746
4056,6135
4064,4750
4071,4767
4075,4759
4076,6134
4079,4763
4088,4769
4105,5784
4110,16667
4116,5090
3887,6280
4015,5032
4024,13519
4030,4417
4041,5057
4042,16015
4055,1216
4057,5046
4073,5780
4080,5054
4082,4812
4083,13529
4108,16667
3532,4275
3881,5816
3883,5762
3893,4247
3896,4737
3903,4731
3909,5941
3918,4746
3981,5784
3983,4501
3984,5941
3990,4475
3882,6137
3891,5209
3897,5935
3902,5190
3908,5425
3910,4501
3912,5936
3913,5216
3928,5044
3937,4430
3938,17475
3942,5941
3943,5630
3945,4441
3946,5203
3947,5205
3951,5959
3955,15897
3959,4772
3971,4458
3989,4475
3880,13510
3886,4251
3888,5090
3889,5487
3911,5057
3931,5046
3933,5197
3939,4749
3940,5939
3952,4762
3985,16666
3988,4475
3999,5618
3884,5349
3900,4767
3915,5268
3917,4746
3929,13516
3930,4147
3935,5198
3941,4750
3948,4759
3950,4760
3953,4763
3961,4769
3987,4475
3341,15893
3417,4275
3466,5762
3474,5090
3486,5935
3506,5936
3525,5044
3567,4458
3879,5032
3890,13519
3892,4247
3898,4417
3914,4157
3932,4271
3949,6134
3949,5101
3954,5054
3956,4812
3957,13529
3986,4475
3464,6137
3465,4731
3470,4140
3475,5766
3484,4737
3494,4032
3498,5190
3502,5037
3503,4501
3504,4142
3514,4135
3531,4430
3537,5941
3538,5630
3539,4441
3552,4772
15790,17475
3469,4251
3478,5209
3482,5203
3527,5046
3529,5197
3535,5939
3543,4760
3545,4257
3546,4762
3569,6134
3629,5618
3359,6280
3362,4142
3458,13510
3461,5787
3493,4147
3505,5057
3526,1216
3530,15897
3533,4749
3534,4441
3536,4750
3540,5205
3542,4759
3547,4763
3549,4812
3554,4769
3577,5993
18955,5542
3186,5037
3188,5195
3209,4275
3349,4731
3363,4255
3372,5935
3457,5032
3476,5487
3477,13519
3479,4247
3490,4417
3501,4151
3508,4157
3528,4271
3544,4291
3550,13529
3568,5425
3148,4737
3348,5033
3350,5762
3356,4140
3360,5187
3364,4072
3369,3895
3370,4737
3379,5190
3395,5936
3399,4135
3414,5198
3415,4430
3416,4060
3419,6345
3422,5630
3442,4458
3444,4231
3595,5618
3143,4247
3217,4762
3354,4251
3361,5187
3387,3906
3398,5187
3413,3936
3418,4749
3420,5939
3425,4760
3432,4772
3624,5268
3203,5044
3343,13510
3346,5787
3375,4147
3376,4032
3378,5190
3381,4036
3382,5771
3382,3904
3394,5057
3421,4750
3423,5205
3424,4759
3428,4257
17203,4275
3111,5032
3347,5816
3366,13519
3373,4417
3388,3907
3389,4151
3396,4157
3411,13516
3412,4271
3426,4291
3427,4021
3430,4812
3116,1216
15696,3380
2994,5185
3110,6345
3123,5033
3124,4731
3130,4140
3132,5187
3134,4142
3137,4072
3142,4026
3145,16666
3146,3895
3147,4737
3150,5935
3155,5630
3164,5621
3165,3497
3166,3499
3176,4037
3180,4037
3194,4135
3206,4430
3207,4060
3216,4257
3222,6280
3594,4458
4000,5037
2555,3573
3034,5037
3084,5195
3129,4251
3175,4037
3177,4037
3179,4037
3181,3906
3205,3936
3212,5939
3214,5044
3223,4772
3593,5618
3632,4231
2594,3901
3046,5935
3113,5030
3114,5787
3120,4247
3125,5762
3135,4255
3136,4072
3153,4147
3154,4032
3167,4036
3170,3904
3170,5771
3178,1653
3192,5187
3208,5542
3210,4749
3213,4750
2993,15893
3109,6345
3119,3462
3121,4135
3133,5187
3139,13519
3152,4417
3163,5621
3182,3907
3183,4151
3190,4157
3190,1274
3204,4271
3215,4291
3220,4812
2433,3353
85,5431
2493,3371
3004,5033
3005,4731
3015,4140
3028,4072
3036,4026
3060,5630
3067,3499
3072,3380
3091,16033
3092,3936
3093,4060
3096,3487
3105,15897
3106,5630
2422,5195
2995,3344
3001,4247
3013,4251
3018,6280
3020,5187
3024,4142
3032,4257
3037,3507
3042,3895
3066,3497
3071,3380
2469,4257
3003,4135
3014,3353
3016,3357
3026,4255
3043,4737
3064,3483
3070,3380
3079,3906
3087,5187
3591,5618
2391,5185
2471,4250
2992,5198
2998,5787
3000,3462
3006,5762
3021,5187
3023,3499
3027,4072
3033,5037
3040,16666
3041,3368
3056,4417
3057,3936
3058,4147
3059,4032
3069,3380
3073,4036
3074,5771
3074,3904
3095,4072
2444,3471
2495,3487
3002,3122
3031,13519
3065,5621
3068,3380
3080,3907
3081,4151
3085,4157
3090,4271
3100,4291
2432,3353
2407,13510
2407,3118
2419,5033
2421,5195
2436,3365
2448,6280
2452,5187
2460,4142
2480,16666
2484,3895
2517,4147
2518,3518
2522,3512
2531,3497
2533,3380
2578,3138
2329,2450
2394,3344
2413,4026
2416,3122
2439,3357
2465,3365
2529,5621
2546,3906
2547,3907
2554,3573
2559,5187
2565,4060
2401,5787
2453,5187
2457,3499
2473,3141
2476,3507
2482,3368
2486,3483
2521,3512
2534,4036
2538,5771
2538,3904
2553,3573
2581,5787
18883,4731
2402,1216
2409,3463
2463,4255
2468,13519
2515,3491
2516,4147
2528,5621
2532,3380
2544,3174
2548,4151
2552,3573
2556,3115
2322,3353
2324,3357
15784,5187
15918,3438
15918,3038
2328,6280
2392,5030
2408,3462
2415,3122
2417,5033
2443,3471
2451,3019
2459,4142
2466,3518
2470,4250
2479,16666
2483,3895
2492,3371
2494,3487
2520,3512
2530,3497
2537,5771
2537,3904
2591,4131
2210,2450
2388,15893
2390,5185
2393,3344
2412,23217
2412,4026
2420,5195
2420,3512
2435,3365
2456,3499
2474,3035
2514,3168
2519,5236
2545,3906
2626,4412
2812,5787
2386,5198
2410,3365
2438,3357
2455,3022
2467,3030
2472,3141
2475,3507
2477,3039
2481,3368
2485,3483
2527,5621
2566,5993
3636,5993
2364,3497
2813,3115
2815,3463
2816,3122
2818,3007
2819,3499
2824,13519
2828,3513
2829,3513
2830,3491
2832,5771
2832,3904
2835,3174
2836,3907
2837,4151
2839,2414
2839,3438
2843,5787
18882,4731
2202,3353
2203,3353
2222,3030
2161,24514
2161,4021
2161,2628
2310,2426
2964,2418
2965,5185
2969,3344
2980,3019
2985,4412
2987,3906
2187,4412
2196,2426
2297,5236
2298,3895
2323,3512
2331,3022
2337,4250
2339,3035
2350,3487
2973,4412
2991,3518
2326,3471
2330,5765
2330,2454
2340,3507
2343,3368
2344,3483
2349,3371
2360,3168
13539,3438
13539,4135
2195,2426
2300,3462
2302,2411
2303,23217
2303,4026
2308,5195
2315,3010
2335,3512
2335,3030
2338,3141
2341,3039
2342,3144
2363,3491
2374,3438
2149,4412
2288,5347
2292,3344
2295,3115
2296,1216
2301,3463
2304,3122
2309,3007
2336,13519
2361,3513
2362,3513
2370,21422
2372,3174
2059,2399
2085,2426
2104,2450
2113,3030
2115,3035
2119,3144
2129,3371
12385,1216
15243,2318
2157,3512
2163,5030
2164,2398
2165,3964
2182,2411
2192,2425
2208,2445
2212,3019
2221,3518
2224,4250
2226,3035
2239,3487
2258,3497
2275,5033
1765,5816
2086,2311
2158,15893
2162,4084
2162,2396
2173,5236
2174,2405
2185,3122
2190,5195
2206,3471
2213,3512
2213,5765
2213,2454
2214,3022
2238,3371
2252,3168
2256,3491
2990,3491
1975,4412
2156,4131
2159,2418
2180,3462
2183,23217
2183,4026
2197,3010
2204,3357
2207,2445
2225,3141
2227,3507
2228,3039
2229,3144
2230,3368
2231,3483
2383,23217
2383,4026
2155,5347
2170,3115
2181,3463
2184,3122
2193,3007
2194,3117
2223,13519
2254,3513
2255,3491
2271,3174
2044,4250
1953,2399
1982,2426
1997,2450
2010,3030
2011,3035
2016,3144
2017,2232
2018,2232
1936,4250
1986,2200
2049,4084
2049,2396
2069,3019
2076,2411
2082,2425
2121,2122
1813,3345
1829,3345
1978,3916
2050,2293
2051,2398
2053,3964
2077,2414
2079,2305
2096,2431
2101,3471
2112,3138
2116,3038
2130,3487
2136,2500
2066,5236
2067,2405
2074,2299
2084,3117
2087,2312
2099,2434
2102,2445
2106,2454
2106,5765
2120,3368
2132,3168
2135,2500
2283,2299
1860,2426
1935,2166
1972,2414
2045,2418
2071,13510
2071,3118
2072,3462
2075,2411
2078,2176
2107,3022
2109,2464
2114,3141
2117,3039
2124,2814
2134,2500
2842,24514
2842,4021
2842,2628
1826,2426
1836,2232
1847,2399
1855,1216
1898,2450
1905,3030
1913,3144
1954,2971
1974,2305
1983,2311
1992,2434
2024,2172
2041,5347
2057,2294
2061,3115
2070,13519
2073,2299
2083,3007
2098,2320
2133,2500
4872,3513
1870,3916
1937,2963
1943,2293
1947,4017
1964,2294
1966,3019
1971,2175
1989,2318
2035,3168
1831,5030
1944,2398
1945,3964
1963,5236
1965,2405
1969,3038
1970,2299
1977,2189
1979,2425
1984,2312
1988,2431
1995,2445
1999,2454
1999,5765
2000,3022
2008,3138
2012,3039
1719,24514
1719,4021
1719,2628
1881,2311
1885,2200
1901,2060
1939,2418
1941,4084
1941,2396
1955,3115
1973,2176
1990,2320
1991,2434
2004,2464
2013,17463
2019,2814
1837,2054
1888,2431
1890,2318
1933,5347
1968,13519
1980,3007
1981,3117
2007,3138
1709,3107
1729,2232
1738,1952
1739,2399
1791,2450
1720,3345
1764,3916
1810,3345
1832,2293
1853,2168
1859,2172
1862,2405
1867,3193
1873,13510
1873,3118
1874,2305
1822,5236
1830,4084
1830,2396
1833,2398
1840,4017
1857,3138
1863,2299
1864,2175
1866,2176
1868,3019
1875,2189
1877,2425
1882,2312
1894,2046
1896,2445
1899,2454
1899,5765
1904,2563
1580,5816
1717,2188
1824,2963
1827,2418
1838,3964
1856,2814
1872,3038
1895,2434
1900,3022
1902,2464
1910,3039
1911,17463
1716,2188
1816,5347
1834,2056
1846,2294
1852,2971
1854,3115
1858,3117
1865,2176
1869,13519
1880,3007
1889,2318
1891,2320
1612,3107
1631,2398
1634,1949
1643,1952
1645,2399
1647,1848
1655,1216
4694,2399
4889,2188
1626,24514
1626,4021
1626,2628
1707,2166
1708,3901
1711,1962
1715,3061
1730,2054
1733,4017
1745,2168
1756,2172
1761,3193
1768,13510
1768,3118
1628,3345
1710,2175
1724,2293
1726,2398
1744,2168
1751,2062
1757,2405
1762,1967
1775,2425
1778,2311
1781,2200
1782,2431
1786,2046
1809,3345
1712,5236
1713,2963
1721,4084
1721,2396
1731,3964
1737,2294
1743,2168
1758,2299
1760,2176
1767,2179
1769,2305
1771,2189
1779,2312
1793,5765
1793,2454
1802,5236
1932,4084
1636,2054
1718,2418
1723,2293
1725,1960
1742,2168
1746,2400
1750,2814
1763,13519
1783,17463
1787,2434
1789,17463
1796,2464
1679,2311
1706,5347
1722,5030
1727,2056
1741,2168
1747,1956
1759,2176
1784,2320
1794,2060
1803,5030
1930,2168
1512,3107
1526,1770
1539,1949
1556,1952
1558,1848
1439,13510
1611,1967
1613,1841
1614,2175
1621,17470
1627,1844
1639,4017
1650,2971
1659,2172
1661,1861
1664,2299
1666,3193
1681,2200
1683,2431
1814,4017
1436,24514
1436,4021
1436,2628
1522,1714
1615,1962
1617,5236
1618,1823
1648,1849
1649,5761
1657,2062
1678,2425
1680,2312
1687,2046
1691,2063
1691,1571
1553,1658
1616,2179
1620,2963
1622,3061
1629,4084
1629,2396
1642,2294
1646,2060
1656,2814
1669,2305
1670,2189
1684,17463
1688,2434
1532,3345
1552,17474
1576,3193
1605,5347
1632,2056
1637,3964
1654,1956
1663,2299
1665,2176
1667,13519
1811,3345
1413,3107
1424,1216
1442,1948
1443,1640
1462,1952
1465,1848
1473,1653
1475,1653
1478,1653
1480,1565
1510,1962
1511,1967
1513,1841
1531,1844
1542,2054
1545,4017
1568,2062
1514,2175
1515,1754
1516,2179
1517,5236
1518,1823
1521,17470
1528,2046
1533,1734
1536,1842
1560,5761
1562,2400
1573,1861
1589,2311
1594,2431
1804,2311
1483,2062
1508,2166
1519,2963
1523,3061
1529,1658
1534,4017
1541,1736
1559,1849
1561,1851
1564,1956
1567,2814
1571,2063
1584,2189
1591,2312
1417,2179
1509,1962
1538,2056
1551,17474
1555,2294
1557,2060
1574,1662
1575,3193
1578,13519
1582,2305
1592,2200
9,3107
15,1662
39,1844
44,1948
46,1640
49,1949
64,1952
65,1952
67,1848
78,1565
509,1321
15600,1658
1409,1967
1412,1770
1438,3345
1452,2054
1469,2971
1476,1653
1477,4037
1477,1653
1485,2063
1485,1571
1492,3916
1493,5816
38,24514
38,4021
38,2628
1407,1610
1414,1841
1425,17470
1437,1844
1441,1546
1448,1949
1455,17474
1495,5542
877,1463
1411,1770
1415,1641
1416,1754
1419,5236
1420,1823
1426,1714
1432,2046
1435,1658
1440,1734
1467,5761
1479,1956
1488,1861
28,17470
907,1845
1408,2563
1427,3061
1430,1675
1444,1842
1450,1736
1466,1849
1468,1851
1471,2400
1482,2814
1484,1569
1496,2189
1499,3345
40,3345
80,2062
478,1321
864,1216
866,1848
872,1640
875,1481
880,1948
902,1640
912,3107
918,1565
923,5685
923,1703
924,1949
934,1844
1410,1770
1418,1662
1421,2963
1434,13519
1446,2056
1454,17474
1464,2060
1470,1651
1928,3345
8,1770
4,1610
6,1548
10,1841
17,2054
18,1823
43,1546
45,1547
77,1956
904,1406
11,1641
13,1754
16,5236
26,1960
29,1714
35,2046
42,1734
59,1364
68,1849
69,5761
82,2063
82,1571
86,1861
91,3916
874,1770
2,2166
5,2563
14,1619
30,3061
34,1675
47,1842
51,1736
52,1550
70,1851
76,1956
79,2814
81,1569
90,5685
90,1703
92,32533
92,5816
928,17470
808,1463
12,1754
36,13519
37,62
41,13510
58,1364
66,2060
71,1651
825,1845
927,24514
927,4021
927,1456
929,1453
439,1321
790,1848
792,1651
795,1481
796,1565
800,1770
802,1948
826,3107
840,1949
845,5685
845,1703
857,1565
905,2046
1397,1570
1398,1570
4695,1844
15599,1569
16040,2046
729,1354
897,5236
909,1823
913,2971
920,1546
922,1547
930,1641
931,1549
932,1841
933,1433
935,1548
881,1736
885,1487
899,1754
900,1364
901,1734
903,5761
908,1662
910,1458
921,2400
926,1610
1403,1569
562,1354
773,3901
869,13510
882,1851
883,1849
884,1619
888,1675
889,3061
892,1550
893,1490
894,1527
895,1842
898,1714
1402,2063
1402,1571
559,1463
570,4131
823,16664
859,2060
860,5236
865,1651
868,1662
870,1364
871,62
873,13519
876,1754
204,1321
560,1361
561,1948
567,1481
572,27
606,1354
748,3107
767,5685
767,1703
769,1359
770,1361
679,1354
851,1641
852,1549
853,1823
855,1548
856,1736
858,1547
1399,1570
1400,1570
1401,1570
757,1674
777,63
811,1550
819,1309
836,1457
837,1841
838,17470
841,1453
843,24514
843,4021
843,1456
844,1610
847,1433
848,1546
532,5685
532,1703
649,1354
820,1355
827,1458
828,1347
829,1734
831,19
832,5761
834,2971
835,1641
590,1463
801,1490
803,3
804,1851
805,3061
806,1714
807,1675
809,1527
810,61
812,1849
814,1487
815,1619
817,13510
3637,2063
3637,1571
261,1321
524,1359
543,3107
591,1361
599,1481
613,27
784,1490
787,22
791,1842
793,1309
794,13519
797,62
798,1457
799,1736
4851,1948
4956,1357
556,1550
764,1547
765,1548
771,1461
772,1549
775,1546
776,1433
778,1453
1808,24514
1808,4021
1808,1456
512,5760
513,19
520,33
751,16664
753,1309
754,1355
755,1458
756,1610
758,1845
759,22
760,1347
761,1406
762,1641
763,1675
454,1312
16038,3107
514,1490
515,1851
521,3061
587,1487
615,1527
696,1463
523,1675
538,22
539,1619
540,1457
541,1714
563,62
564,1309
566,13519
568,13510
573,1490
205,1321
221,1312
677,27
685,1481
689,1216
694,1520
697,1361
709,3107
715,1481
727,1359
4955,1357
571,1550
517,1461
529,1547
530,1548
531,24514
531,4021
531,1456
574,1433
575,63
576,1453
577,1351
580,1610
581,1674
589,1549
526,1356
527,1347
528,1641
533,1458
537,1355
542,19
544,16664
547,1350
548,5760
386,1312
550,61
551,33
552,1487
553,3
554,1342
555,1348
569,3061
592,1527
595,1490
1812,2605
1812,1328
598,1362
600,22
601,1457
602,1356
603,13519
605,1490
608,16664
609,1307
206,1321
330,1312
616,27
618,1354
631,1520
632,1361
648,1359
4938,1357
735,1547
736,1350
739,1549
740,61
741,1487
742,1305
743,1845
744,1433
745,1348
746,1351
721,1548
723,24514
723,4021
723,1456
725,1322
726,1334
730,1461
732,63
734,1356
643,2970
643,1333
706,5760
708,19
710,1355
711,1458
712,1674
713,33
714,1845
716,1433
717,22
718,1347
720,1641
692,1334
693,1527
699,3061
701,61
702,1487
703,1342
704,1348
705,1356
678,1350
680,1307
682,2605
682,1328
683,13519
684,1362
686,2840
686,1320
687,22
688,1457
207,1247
353,1312
455,1304
456,27
466,1520
467,1216
468,1361
492,1303
496,1361
660,24514
660,4021
660,1456
665,1461
666,4131
668,3901
671,1325
672,1348
673,63
675,1351
644,5760
645,1334
647,1315
650,1699
653,1269
654,1458
655,1674
656,13519
657,1310
658,1347
659,1641
630,1527
634,3061
635,1461
636,33
637,1337
638,3
639,1342
640,1326
641,63
282,1312
617,1322
619,1307
620,1269
623,13519
625,1362
626,1325
627,1310
628,1457
270,1247
393,27
395,1404
403,1520
405,1298
416,1304
429,1303
431,1298
461,1325
491,2970
491,1333
493,1350
494,5185
498,2605
498,1328
500,1365
503,2840
503,1320
505,1330
507,1351
510,1406
479,5760
481,1315
483,1699
485,5799
486,1302
487,1674
488,1310
489,1302
490,1347
15005,1329
344,1312
425,1325
360,1303
432,985
465,1334
471,2605
471,1328
472,33
473,1337
474,3061
475,1342
476,1326
451,1302
452,1269
453,1307
457,1322
458,13519
460,1362
462,1310
463,1302
464,1347
448,1325
101,1344
199,1280
223,1216
263,1247
281,1304
292,1303
329,1520
334,1298
440,3962
441,2970
441,1333
442,1350
445,1337
446,1342
447,1351
430,5760
433,1365
436,1330
449,2840
449,1320
368,1304
319,985
413,2970
413,1333
415,1315
417,1699
419,5799
420,1288
420,5451
421,3
423,1674
424,1362
426,1310
427,1347
162,1283
401,1350
402,1334
404,2605
404,1328
409,33
410,1337
411,1342
412,1326
284,1699
220,1322
222,1269
396,13519
398,1362
399,1310
400,1285
163,1283
187,1404
200,1280
208,1247
272,1265
311,1304
333,1252
343,1699
374,1303
381,1298
4850,1520
115,1329
143,1365
152,1296
158,2840
158,1320
198,1255
264,1330
361,2970
361,1333
380,985
388,2605
388,1328
108,1349
120,1288
120,5451
131,5799
168,3
236,1278
249,1285
294,1315
300,2043
164,1283
4937,1251
224,1406
256,1326
356,2605
356,1328
373,1334
104,3901
109,1349
171,1289
188,13519
250,1285
258,1284
328,1281
362,985
97,1240
166,1283
201,1280
218,1265
314,1699
346,1323
364,1252
366,1312
369,1304
389,1315
4925,1251
117,1329
144,1365
235,2972
235,1282
248,1330
290,2970
290,1333
110,1349
121,1288
121,5451
132,5799
159,2840
159,1320
172,1289
237,1278
247,13519
251,1285
383,2043
111,1240
283,1699
105,1349
116,1329
153,1296
194,1255
238,1326
327,1257
347,1334
102,1344
122,1288
122,5451
173,1289
189,13519
269,1285
271,1284
355,1281
96,1283
106,1349
112,1240
127,5799
202,1280
280,1226
299,1699
310,1304
339,1252
345,1227
348,1251
358,1257
367,1323
13412,1265
95,2840
95,1320
225,1406
140,1365
240,1302
273,1284
351,985
392,1262
113,1240
123,5451
126,5799
231,1278
259,1284
317,2043
103,1344
118,4131
149,1284
165,1296
195,1255
211,1326
242,1302
265,1330
150,1284
174,1289
191,13519
296,1281
305,1334
98,1344
107,1349
114,1240
141,1365
167,1283
203,1280
312,1323
313,1227
326,1257
354,1227
359,1226
385,1699
4940,1251
13411,1265
151,1284
196,1255
215,1330
322,1262
338,985
99,1344
142,1365
192,13519
387,1223
15075,1273
14875,1296
124,5451
268,1278
340,2043
375,1251
15656,1257
119,4131
155,1296
190,1255
15074,1273
14874,1183
37276,37255
128,4114
160,1934
160,1204
175,1289
226,1406
233,1278
357,1281
100,1344
193,13519
4648,1251
12826,1226
13386,13519
13410,1265
15252,1274
15655,1257
16275,1227
16276,1227
18695,1283
18830,1207
18853,1206
20071,1223
129,1607
129,1210
227,17483
232,1330
255,2972
255,1282
287,2043
277,1262
363,985
130,1607
130,1210
136,5451
197,1206
216,1330
234,1205
234,1090
365,2043
15073,1273
156,1296
217,1287
276,4131
318,1252
157,1296
176,1289
295,1281
321,37255
324,1214
324,1170
4881,1227
12825,1226
12855,1299
12856,1299
13385,13519
13409,1265
14264,1205
14264,1090
14405,1323
14533,17483
14873,1183
14965,5451
15032,1200
15032,1184
15034,1200
15034,1184
15251,1274
15654,1172
16274,1227
18829,1207
18852,1206
18989,16209
20070,1223
17186,1998
17192,985
12858,1699
14461,1252
14964,5451
5147,1301
14259,1205
14259,1090
14460,1252
14963,5451
15072,1273
10329,1607
10329,1210
14872,1183
15294,2972
15294,1282
37274,37255
17555,1214
17555,1170
15652,1172
18478,1296
18828,1207
18832,1206
18843,1206
18876,1280
20069,1223
12854,1299
13384,13519
13408,1265
14247,1205
14247,1090
14404,1323
14524,1287
14532,17483
15031,1200
15031,1184
15250,1274
15390,1199
14962,5451
12857,1699
14506,1301
17191,985
17185,1998
12824,1195
12824,1171
14459,1176
15071,1273
14871,1183
37273,37255
17554,1214
17554,1170
15651,1172
18827,1207
20068,1223
4710,1323
10496,16209
13383,13519
13407,1265
14236,1205
14236,1090
14523,1287
14531,17483
14961,5451
15030,1200
15030,1184
15249,1274
15389,1199
15594,1175
17190,985
18155,1216
14458,1176
14505,1301
10328,1607
10328,1210
14870,1183
17184,1998
15061,1273
12823,1195
12823,1171
14457,1176
15293,2972
15293,1282
15725,1186
15725,1151
37272,37255
14869,1183
17553,1214
17553,1170
18153,1216
10322,1607
10322,1210
10495,16209
13382,13519
14225,1205
14225,1090
14522,1287
14530,17483
14960,5451
15028,1200
15028,1184
15029,1200
15029,1184
15248,1274
15387,1199
15592,1175
15650,1172
16076,1238
18171,1177
18291,1168
18292,1168
18483,1934
18483,1204
20067,1223
14959,5451
14456,1176
14504,1301
17189,985
10327,1607
10327,1210
20066,1139
15724,1186
15724,1151
17156,17473
17183,1998
12822,1195
12822,1171
14455,1176
14867,1135
18152,1216
37271,37255
17552,1214
17552,1170
15649,1172
16048,1107
16075,1238
16266,1140
18169,1177
18170,1177
18286,1190
18286,1149
18287,1190
18287,1149
18288,1190
18288,1149
18289,1190
18289,1149
18290,1190
18290,1149
18805,2211
18805,1155
20065,1139
10494,16209
13380,13519
13406,1168
14512,1287
14958,5451
15244,1274
15386,1199
15591,1175
14498,1301
17155,17473
17188,985
15723,1186
15723,1151
18151,1216
14866,1135
15026,1123
16265,1140
17180,1154
17182,1998
18150,1216
12821,1195
12821,1171
14454,1187
14454,1153
15722,1186
15722,1151
14865,1135
37270,37255
10504,16209
13379,13519
13421,1168
13961,1125
14957,5451
15025,1123
15385,1199
15590,1175
15648,1121
16047,1107
16074,1238
16264,1140
17551,1214
17551,1170
18167,1177
18168,1177
18482,1934
18482,1204
18804,2211
18804,1155
19860,15908
37269,37255
37268,37255
14453,1187
14453,1153
14487,1301
15720,1186
15720,1151
17179,1154
18149,1216
18148,1216
15647,1121
15719,1186
15719,1151
37266,37255
10934,1271
12820,1195
12820,1171
14452,1187
14452,1153
17178,1154
17181,1998
18147,1216
14864,1135
15304,2972
15304,1282
15646,1121
16046,1107
16073,1238
16263,1140
17550,1214
17550,1170
18685,1113
18803,2211
18803,1155
18825,1126
18995,16209
19859,15908
13378,13519
13420,1168
13960,1125
14132,1099
14956,5451
15024,1123
15384,1199
15589,1299
12819,1138
15645,1121
17177,1154
14863,1135
15644,1121
13959,1125
12818,1138
14451,1187
14451,1153
15404,1011
15718,1186
15718,1151
37265,37255
14862,1135
10597,1142
10923,1102
13376,13519
13377,13519
13419,1168
13958,1125
14131,1099
14955,5451
15023,1123
15588,1299
16045,1107
16072,1238
16262,1140
17549,1113
18481,1934
18481,1204
18684,1113
18802,2211
18802,1155
18824,1126
18994,16209
19858,15908
19940,1113
20064,1139
18146,1216
15403,1011
20062,1139
17176,1154
14861,1135
17548,1098
12848,1138
14450,1187
14450,1153
15402,1011
37264,37255
15717,1186
15717,1151
17175,1154
18145,1216
4878,1140
14860,1092
20061,1139
15643,957
16071,1238
17547,1098
18683,1113
18823,1126
19857,15908
10503,16209
10596,1142
10922,1102
13375,13519
13418,1168
13957,1125
14130,1099
14954,5451
15587,1299
20060,1139
12847,1138
14859,1092
15716,16226
15716,17464
15401,1011
15715,16226
15715,17464
18767,943
37263,37255
14449,1106
10502,16209
10562,1111
10595,1142
10921,1102
13374,13519
13417,1093
14129,1099
14858,1092
14953,5451
15586,1299
15641,957
16070,1238
16259,1094
17174,1154
17546,1098
18144,1216
18682,1113
18762,942
18771,942
18822,1126
19856,15908
20059,1139
12846,1138
18975,1132
14448,1106
14856,1092
12845,1194
18976,1233
15714,16226
15714,17464
18766,943
37262,37255
14855,1092
16258,1094
17544,1098
18480,1934
18480,1204
18681,1113
18761,942
18770,942
18821,1126
18974,1132
19855,15908
20058,1087
10501,16209
10560,1111
10594,1142
10920,1102
13373,13519
13416,1093
14128,1099
14952,5451
14952,994
15021,1123
15585,1299
15640,957
14447,1106
14854,1016
10933,1271
37261,37255
15713,16226
15713,17464
16257,1094
18765,943
14853,1016
15303,2972
15303,1282
17543,1098
18479,1934
18479,1204
18680,1113
18760,942
18769,942
18973,1132
18990,16209
20057,1087
10190,988
10559,1111
10593,1142
10919,1102
11453,2276
13372,5383
13415,1093
14127,1099
14951,5451
14951,994
15020,1083
15584,1299
15639,957
14446,1106
14950,5451
14950,994
18679,1113
15712,16226
15712,17464
16256,1094
18764,943
10932,1271
15019,1083
12844,1194
10189,988
10500,15902
10558,999
10592,1142
10918,1007
11452,2276
13371,16640
13414,1093
14537,6345
14852,1016
14949,5451
14949,994
15583,1299
15638,957
17542,1098
18408,1103
18408,1078
18409,1103
18409,1078
18410,1103
18410,1078
18411,1103
18411,1078
18412,1103
18412,1078
18678,1113
18759,942
18768,942
18826,1207
18972,1132
20056,1087
37260,37255
15018,1083
14445,1106
37259,37255
15711,16226
15711,2982
15711,1020
15711,990
16255,1094
18763,943
10931,1271
14851,1016
15302,2972
15302,1282
37258,37255
7383,1043
10188,988
10499,15902
10557,999
10917,1007
11451,2276
13369,16640
13405,1093
14536,6345
14948,5451
14948,994
15017,1083
15637,957
18164,1163
18677,1074
18758,942
18971,1132
20055,1087
20417,1048
20015,1104
20015,1064
1668,3916
12843,1194
14444,1106
14947,5451
14947,994
20014,1104
20014,1064
16254,1094
10930,1271
14850,1016
15301,1340
10187,988
10498,15902
10555,999
10556,999
10916,1007
11450,2276
13368,16640
14535,6345
14946,5451
14946,994
15016,1083
15578,1114
15636,957
37257,37255
15709,16226
15709,2982
15709,1020
15709,990
17975,1028
18163,1163
18676,1074
18757,942
18970,1132
20054,1087
20416,1048
7382,1043
20013,1104
20013,1064
14443,984
20012,1104
20012,1064
10929,1271
14849,1016
15300,1340
17540,1038
15708,16226
15708,2982
15708,1020
15708,990
15775,5132
16253,1094
17974,1028
18162,1163
18674,1074
18996,15902
20053,1087
20415,1048
37283,37255
7381,1043
10186,988
10579,5279
10915,1007
13367,16640
14945,5451
14945,2592
15015,1083
15635,957
20011,1104
20011,1064
12839,1194
14442,984
1579,3916
14848,2822
14848,1015
20010,1104
20010,1064
14441,984
14847,2822
14847,1015
17539,1038
15299,1340
4877,1094
7380,1043
10185,988
10497,15902
10553,1102
10554,1102
10914,1007
13366,16640
14944,5451
14944,2592
15014,1083
15576,15916
15634,957
15707,16226
15707,2982
15707,1020
15707,990
15773,5132
15774,5132
17973,1028
18161,1163
18673,1074
20414,1048
37282,37255
14440,984
16251,1056
14845,2822
14845,1015
12828,1194
37281,37255
10493,15902
10552,2563
10578,23891
10578,5279
10913,1007
13365,16640
14943,5451
14943,2592
15013,1083
15298,1340
15575,15916
15633,1341
15633,956
7379,1043
15706,16226
15706,2982
15706,1020
15706,990
17972,1028
18160,1163
18672,1074
18716,2276
12817,1194
17538,1038
16250,1056
14439,983
14844,2822
14844,1015
16327,1056
17537,1038
15297,1340
10492,15902
10551,2563
10912,1006
13364,6222
14942,5451
14942,2592
15012,1083
15574,15916
15632,1341
15632,956
7378,1043
37280,37255
15705,16226
15705,2982
15705,1020
15705,990
15772,5132
15794,1221
15794,1031
17971,1028
18671,1074
14438,983
16326,1056
15292,1340
8545,1049
10191,987
10192,987
10193,987
10194,987
10549,2563
10911,1006
13362,6222
13363,6222
14830,987
14831,987
14833,987
14834,987
14941,5451
14941,2592
15056,1082
15573,15916
15630,1341
15630,956
37279,37255
15704,16226
15704,2982
15704,1020
15704,990
15771,5132
15793,1221
15793,1031
17970,1028
18670,1073
7377,1043
14437,983
14842,2822
14842,1015
16315,1056
18669,1073
17535,1038
37278,37255
15703,16226
15703,2982
15703,1020
15703,990
15770,5132
15792,1221
15792,1031
17969,1028
18964,1132
18993,15902
20083,962
8544,1049
10548,1068
10577,23891
10577,5279
10928,1006
12397,1084
12812,16665
13361,6222
14940,5451
14940,2592
15055,1082
15629,1341
15629,956
7376,1043
7376,1042
14436,983
14841,2822
14841,1015
16304,1056
18668,1073
17533,1038
14843,2822
14843,1015
8543,1049
10547,1111
10576,23891
10576,5279
10927,1006
12396,1084
13360,6222
14939,5451
14939,2592
15054,1082
15628,1341
15628,956
37277,37255
549,1360
4377,3991
4624,947
7480,1042
15702,3991
15702,1019
15769,5132
15791,1031
15791,1221
17968,1028
18963,1132
18992,15902
20037,1062
20082,962
14435,983
15627,1341
15627,956
14840,2822
14840,1015
4876,1056
707,1360
4623,947
7479,1042
10546,939
10575,23891
10575,5279
10926,1006
12395,1084
13358,6222
14113,1025
14938,5451
14938,2592
15053,1082
15626,1676
15701,1019
15783,5132
17967,1028
18667,1073
18962,1132
18991,15902
20036,1062
20081,962
17532,1038
8518,1023
14434,983
16282,1055
17531,1038
15700,3991
15700,1019
15782,5132
17966,1028
18666,1073
20035,1062
20074,962
646,1360
4622,947
7354,5844
7478,1042
37256,37255
10545,1111
10574,23891
10574,5279
10925,1005
12394,1084
13357,5383
14112,1025
14839,2979
14839,1014
14937,5451
14937,2592
15052,1082
15624,1676
15625,1676
8516,1023
14838,2979
14838,1014
16271,1055
480,1360
4620,947
10544,998
10924,1005
11901,6009
13356,5383
14111,1025
14936,5451
15044,1082
15622,1237
15623,1676
15768,3991
15768,1019
15781,5132
17964,1028
18665,1073
18801,982
18961,1132
20034,1062
20063,962
17530,1038
8515,1023
16260,1055
17528,1038
15767,1019
15780,5132
17963,1028
18663,1073
18800,982
18960,1132
20033,1062
20052,962
20628,5844
414,1360
4619,947
10543,998
11905,6009
11916,6009
13355,5383
14110,1023
14808,1005
14837,2979
14837,1014
14935,5451
15033,1082
15621,1237
17529,1038
8514,1023
18959,1132
17527,1038
15765,3991
15765,1019
15779,5132
17962,1028
18799,982
18958,1132
20032,1062
370,1360
4673,1055
10542,998
11904,6009
13354,5383
14109,1023
14807,1005
14836,2979
14836,1014
14934,5451
15022,1082
15619,955
17526,1038
11903,6009
14923,2979
14923,1014
13353,5383
14108,1023
14806,1102
14806,1005
14933,5451
15011,1082
15618,955
15754,3991
15754,1018
15778,5132
17961,1028
18798,982
308,1360
11913,6009
14912,2979
14912,1014
17525,16626
17873,1780
4618,947
15743,3991
15743,1018
15777,5132
371,1256
10540,998
11915,6009
13352,4309
14107,1023
14297,1951
14297,60
14805,1005
15617,955
10541,998
17524,5844
17872,1780
11912,6009
14901,1012
13351,4309
14106,1023
14296,1951
14296,60
15616,955
15732,3991
15732,1018
15776,5132
307,1202
13934,1951
13934,60
15721,3991
15721,1018
17522,5844
11911,5605
14425,2577
14890,1012
10537,998
13350,4309
14105,1025
14295,1951
14295,60
15615,954
372,1256
15785,5132
16087,1298
13933,1951
13933,60
17871,1780
15710,3991
15710,1018
17521,5844
17870,1780
11910,5605
14811,940
23522,22058
10536,998
13349,4309
14104,1025
14294,1460
15614,954
16086,1298
306,1256
13932,1951
13932,60
14810,940
17520,5844
15699,3991
15699,1018
17139,5605
20543,1256
10535,997
11909,5605
13347,4309
14102,1025
14292,1460
10007,22093
10007,22092
23521,22058
13931,1460
14809,940
17519,5844
14879,1012
10286,5844
10534,1071
11908,5605
13346,4309
13930,1460
14291,1460
18467,5605
18986,1212
20462,16218
20542,1256
20616,1460
7467,1460
10285,5844
11907,5605
17518,5844
14868,1012
8542,1049
10006,22093
10006,22092
10284,5844
13345,3437
18244,22607
18817,1071
18985,1212
20461,16218
20541,1202
22802,22085
23520,22058
17517,4461
11906,5605
17952,21636
17953,21636
18242,22607
18816,1071
18984,1212
20460,16218
20540,1202
22800,22085
8541,1049
10005,22092
10005,22093
13344,3437
13929,1460
14857,1012
15349,4461
17516,4461
14846,1012
8540,1049
9325,15916
10004,22093
10004,22092
10531,997
11902,5605
13343,3437
15348,4461
15613,954
22799,22085
23519,22058
17951,21636
18241,22607
18468,5605
18815,1071
19032,5844
20539,1202
17515,4461
4372,1012
17949,21636
17950,21636
18240,22607
18778,16218
18982,1212
20562,1202
10003,22092
10003,22093
10530,997
10639,4731
11914,5605
13342,3437
15347,4461
22798,22085
18239,22607
18777,16218
18981,1212
20561,1202
22797,22085
9324,15916
10002,22093
10002,22092
10529,997
13341,3437
17513,4461
18238,22607
18776,16218
18980,1212
20560,1202
22796,22085
9323,15916
13340,3437
17511,4461
17947,21636
18237,22607
18979,1212
20559,1115
20559,1045
8547,4241
9322,15916
13339,2833
15612,954
22795,22085
17510,4461
17946,21636
18236,22607
18978,1212
20558,1115
20558,1045
22794,22085
13338,2833
15611,954
17509,4461
18977,1212
20557,1115
20557,1045
8551,4241
13336,2833
17508,4461
23507,22058
8550,4241
13335,2833
13919,22058
14090,22058
14392,22058
15610,954
18128,22058
20556,1115
20556,1045
7456,22058
17507,4461
20549,1115
20549,1045
20772,17315
12853,17451
13334,2833
13918,20913
14089,20913
14391,20913
7455,20913
17506,4461
18231,20913
20538,1115
20538,1045
20627,5844
20771,17315
8549,4241
12852,17451
13333,1766
13917,20913
14390,20913
15694,954
17505,4461
8559,4241
12105,997
12851,17451
13332,1766
14087,20913
20770,17315
12404,1033
7452,20913
8558,4241
12104,997
12850,17451
13331,1766
20769,17315
12403,1033
20768,17315
8557,4241
12103,997
12578,1040
12849,17451
13330,1766
12402,1033
8556,4241
12577,1040
13329,1766
18831,1766
12412,1033
7372,940
18226,5369
8555,4241
12576,1040
13328,94
7371,940
12411,1033
8554,4241
12636,1040
13327,94
3589,1795
18225,5369
12410,1033
7370,940
8553,4241
12635,1040
13389,94
15686,953
20626,1795
17497,1795
12409,1033
8552,4241
12634,1040
13388,94
15675,953
12408,1033
17496,1795
8548,4241
12630,1040
13387,94
15664,953
12619,1039
15653,953
17495,1795
12407,1033
8546,4241
9668,3963
13381,94
17747,4776
12406,1033
12608,1039
17494,1795
15642,953
17746,4776
18471,1077
9316,985
9667,3963
13370,1268
17493,1795
12405,1033
12597,1039
15631,953
17745,4776
18470,1077
9666,3963
13359,1268
17492,1795
12586,1039
15620,953
9665,3963
12770,5453
13348,1268
6946,1033
17744,4776
18469,1077
17491,1311
9664,3963
12575,1039
12769,5453
13337,1268
15609,953
17743,4776
18311,23032
18311,22606
18311,23037
18311,22601
17573,1311
17739,4776
9660,3963
12768,5453
13325,1268
13326,1268
17567,1311
12816,5453
17556,1311
12815,5453
17545,1311
12814,5453
17534,1311
12813,5453
17523,1311
12811,5453
17512,1311
12800,5453
12789,5453
12778,5453
12767,5453
18797,1780
17754,5705
7839,5453
16331,5589
13315,5280
7838,5453
17753,5705
16330,5589
13314,5280
7837,5453
17752,5705
13313,5280
16329,5589
17763,5705
7848,5453
16340,5589
13324,5280
7847,5453
17762,5705
16339,5589
13323,5280
7846,5453
17761,5705
8506,24957
13322,5280
16338,5589
17760,5705
8495,24957
7845,5453
13321,5280
16337,5589
8484,24957
17759,5705
7844,5453
23284,22433
16336,5589
13320,5280
8473,24957
7843,5453
17758,5705
16335,5589
13319,5280
23388,23015
17757,5705
7842,5453
8462,24957
8462,21082
16334,5589
13318,5280
7841,5453
17756,5705
18796,1780
13311,5280
16333,5589
7836,5453
17751,5705
21141,20731
13310,5280
16328,5589
21140,20731
13878,23015
14347,23015
7411,23015
23518,23015
9256,21813
9586,21813
10836,21295
11830,21813
13246,23015
13877,21813
14043,21813
14346,23015
23391,21295
6833,21295
7289,21813
7410,21813
18025,21813
18187,21813
13876,17454
8564,21295
9255,17454
12203,21295
14042,21295
14345,21813
18024,21295
18024,17454
18186,21295
18186,17454
20767,17454
7288,17454
7409,17454
7287,17454
11828,1319
13875,17454
14344,17454
11827,1319
14343,17454
11826,1319
11941,4794
11940,4794
11939,4794
18174,1780
11822,1319
11938,4794
18862,4209
18863,4209
11821,1319
11937,4794
23314,23057
23314,23060
18956,1212
23313,23060
23313,23057
18861,4209
11820,1319
11936,4794
18860,4209
11819,1319
11929,4794
11918,4794
18859,4209
12371,5369
16080,5369
17734,5369
17738,4090
18102,5369
18166,5369
18210,5369
18256,5369
20041,5369
20047,5369
12370,5369
18173,1780
16079,4090
17733,4090
17737,4090
18101,4090
18165,4090
18255,4090
20040,4090
20046,4090
18199,4090
23297,20731
16078,2539
17732,2539
17736,4090
18100,2539
18254,4090
20039,4090
20045,2539
17701,2539
18188,4090
23296,20731
16077,4275
16077,2539
17731,2539
17735,4090
18099,2539
18177,1780
18253,2539
20038,2539
20044,2539
18172,1780
23295,20731
23294,20731
10627,2996
12386,2539
23293,20731
10626,2996
23292,20731
10625,2996
8460,21082
23291,20731
10624,2996
8459,21082
23287,20731
10623,2996
8458,21082
10622,2996
8457,21082
10279,1248
10621,22612
10619,22612
10618,22612
10617,22612
10283,1248
10616,22612
10282,1248
14318,1672
10281,2643
10281,1248
13850,2577
10280,2643
10280,1248
18360,5368
8456,21082
18359,5368
8455,21082
23485,23033
8454,21082
6794,1404
18423,23033
8453,21082
10797,1404
23309,23033
23484,23033
11978,1404
14658,1404
7415,20946
6792,1404
18422,23033
23308,23033
23483,23033
10796,1404
11977,1404
14657,1404
7404,20946
6791,1404
23307,23033
10795,1404
11976,1404
14656,1404
7393,20946
7374,20946
14655,1313
12311,21430
12310,21430
12309,21430
16089,17694
16089,17696
23516,21430
12308,21430
12307,21430
16088,17694
16088,17696
9297,17457
18414,17457
23286,20946
12306,21430
9296,17457
23285,20946
18454,17457
12305,16634
9295,17457
18453,17457
12304,16634
9294,17457
18452,17457
10635,1002
12303,16634
9293,17457
10634,1002
12302,16634
18924,5368
9292,17457
18923,5368
7782,5368
10631,1002
12300,16634
14641,1313
10620,1002
12299,6023
7227,5368
7781,5368
17824,5368
18285,5368
18922,5368
20815,16634
14361,3995
17823,3631
18284,3631
18921,3631
9203,6023
9526,5368
10609,1002
11774,5368
12298,6023
7226,3631
7780,3631
14350,3995
9202,6023
9525,3631
10598,1002
11773,3631
12297,6023
7225,3631
7779,3631
17822,3631
18283,3631
18920,3631
14339,3995
9201,6023
12296,3075
14328,3995
10029,1067
12295,3075
14171,1261
15524,1903
9291,4347
14317,3995
9522,22426
12294,3075
14169,1261
9290,4347
14306,3995
9521,22426
12293,3075
14168,1261
9289,4347
14281,3995
9520,22426
12292,3075
9288,4347
10168,23890
10168,6156
9519,22426
10167,23890
10167,6156
9287,4347
10166,23890
10166,6156
9518,22426
10165,23890
10165,6156
9286,4347
10164,23890
10164,6156
14161,1261
10162,23890
10162,6156
10161,6156
13818,1079
10160,23890
10160,6156
10159,23890
10159,6156
13817,1079
10158,23890
10158,6156
10157,23890
10157,6156
13816,1079
10156,23890
10156,6156
10155,23890
10155,6156
13171,1185
13171,1152
13815,1079
13170,1185
13170,1152
13169,1185
13169,1152
8615,21308
13814,1079
8614,21308
10150,5637
10151,5637
10153,5637
10154,5637
10148,5637
8613,21308
10149,5637
8612,21308
10144,5637
10145,5637
13168,21829
8609,21308
8611,21308
10142,4296
10143,4296
13167,21829
13810,1079
13809,2371
8607,17303
8608,17303
10139,4296
10140,4296
13166,21829
14149,16652
17804,17695
14147,16652
8605,17303
8606,17303
9183,17686
10137,4296
10138,4296
13165,21829
14146,16652
17803,17695
14145,16652
8604,17303
9182,17686
10134,4296
10135,4296
10136,4296
13164,21829
14144,16652
17802,17695
15173,3962
8603,17303
9181,17686
10132,4296
10133,4296
13163,13535
14143,16652
16873,17686
15172,3962
8602,17303
9180,17686
9501,2577
13162,13535
14142,16652
15171,3962
17799,17695
8601,17303
9179,17686
13160,13535
14141,5059
10429,20946
15170,3962
8600,5958
9178,17686
13159,13535
14140,5059
17798,17695
15169,3962
8598,5958
9177,17686
13158,13535
13799,1079
14139,5059
17797,17695
11449,3962
11448,3962
17796,17695
6736,1228
8597,5958
9176,17686
10118,3171
10120,3171
10121,3171
10122,3171
10123,3171
10124,3171
10125,16018
10126,3171
10127,3171
10128,3171
10129,3171
10131,3171
10146,5637
10147,5637
13157,13535
13798,1079
14138,5059
9175,17686
13156,13535
14136,5059
13797,1079
8595,5958
8596,5958
9174,16018
13155,13535
14125,5059
17794,17695
17795,17695
20043,4478
14114,5059
9173,16018
20256,3440
14103,4202
8593,5958
8594,5958
9172,16018
14092,4202
17792,2215
17793,17695
6731,1228
6733,1228
14081,4202
8592,5958
9171,16018
14070,4202
6729,1228
6730,1228
17791,2215
18342,23037
18342,22601
18342,23032
18342,22606
14059,4202
17790,2215
22239,21828
8585,5958
9170,16018
13789,1079
14048,4202
6725,1228
6726,1228
6728,1228
8574,4478
9169,16018
10104,16018
14037,2752
17927,2215
22228,21828
6724,6146
8563,4478
9168,16018
14214,2752
22217,21828
8676,4478
9167,16018
14203,2752
6723,6146
8665,4478
9166,16018
14192,2752
6722,6146
8654,4478
9165,4205
14181,2752
22206,21828
6721,1133
22195,21828
8643,4478
9164,4205
14170,1800
6720,1133
22184,21828
8255,1122
8632,3077
9163,4205
14159,1800
6719,1313
20019,1100
20018,1100
8254,1122
8621,3077
9162,4205
10011,2141
14148,1800
6718,1133
8253,1122
8610,3077
9161,4205
10163,2141
10174,2141
14137,1800
22173,21828
6717,1133
8252,1122
8599,3077
9160,4205
10141,2141
10152,2141
12041,4205
13140,4205
14036,1800
6714,1133
6715,1133
8250,1122
8562,3077
9159,2540
10119,2141
10130,2141
6712,1133
6713,1133
20580,2314
9158,2540
10010,2141
10097,2141
10108,2141
15282,1903
6710,1004
6711,1004
15140,13533
20579,2314
8248,1122
9157,2540
6709,1004
9475,5872
8247,1122
9156,2540
20578,2314
6708,1004
9474,5872
8246,1122
9155,2540
20577,2314
6707,1004
9473,5872
8245,1122
9154,2540
20576,2314
6706,6146
9471,5872
8244,2577
9153,2540
20575,2314
6703,1004
9470,5872
9152,2540
20573,2314
6702,1004
9469,5872
9151,2540
20572,2314
20017,1100
9468,5872
20016,1100
20571,2314
9150,1554
12358,1185
12358,1152
9467,5872
9149,1554
13765,4802
20570,2314
14579,4835
9148,1554
12028,4835
20569,2314
6698,4835
14578,4835
20568,2314
6697,4835
9147,1554
12027,4835
9146,1554
11711,22606
11711,23037
11711,22601
11711,23032
20566,2371
9145,1554
11710,17685
14575,3383
15095,13533
9144,1554
11709,17685
14574,3383
20494,16228
21682,21307
20493,16228
21681,21307
9143,1554
11708,17685
13759,16222
9142,1554
11013,5127
11707,17685
20492,16228
21680,21307
20491,16228
21679,21307
11706,17685
7149,5648
11012,5127
11705,17685
13756,1292
20490,16228
21678,21307
20489,16228
21677,21307
11011,5127
11704,17685
16896,1672
20485,16228
21673,21307
10337,1292
11010,5127
11703,17685
11703,1072
12356,1185
12356,1152
12357,1292
13754,1292
11702,16223
17893,16222
20474,16228
21662,21307
11009,5127
11701,16223
20463,16228
11008,5127
13112,21629
13752,1032
11700,16223
10997,5127
13111,4205
6684,3383
11699,16223
18458,16222
21134,20740
21134,20748
6683,3383
6681,3383
10988,2841
10988,1161
11697,1263
10987,2841
10987,1161
7140,2025
11696,1263
20051,4223
7139,2025
10986,2841
10986,1161
17850,16223
11695,1263
13746,2371
9130,1672
10996,2841
10996,1161
7138,2025
20050,4223
21644,21052
21644,21063
11694,1263
20049,4223
21643,21052
21643,21063
9129,21292
10995,2841
10995,1161
17849,16223
11693,1263
9128,21292
10994,2841
10994,1161
20048,4223
21642,21063
21642,21052
11692,1263
21641,21063
21641,21052
22247,22422
7695,2841
7695,1161
9127,21292
10993,2841
10993,1161
12174,15917
13102,17449
17848,16223
11691,1263
9126,21292
10336,1292
10992,2841
10992,1161
13101,15917
13742,16222
7134,15917
17885,1343
21133,20740
21133,20748
22246,22422
11690,1263
16871,21292
22245,22422
8213,959
10991,2841
10991,1161
13100,15917
17847,16223
11689,1263
8697,15917
10990,2841
10990,1161
13099,5081
22244,22422
11688,1263
22243,22422
10989,2841
10989,1161
13098,5081
10985,2841
10985,1161
11687,1165
8210,959
13097,5081
22814,22433
11686,1165
18885,5081
8209,959
13096,5081
17769,15917
22813,22433
11685,1165
8208,959
13095,5081
22812,22433
13093,5081
6666,3383
11683,1165
18732,5081
13092,5081
10583,2270
11682,1165
21650,21449
21650,21448
8204,959
11973,6146
13091,5081
10582,2270
11681,1165
8203,959
10361,21081
13090,5081
21649,21449
21649,21448
10581,2270
11680,1165
8202,959
10360,21081
13089,1773
21648,21449
21648,21448
6928,15917
10591,2270
11679,1165
18727,1773
21647,21448
21647,21449
10342,1185
10342,1152
10359,21081
12369,1185
12369,1152
13088,6146
13088,1773
13730,16222
10590,6146
10590,2270
11678,1165
10358,21081
13087,1773
21646,21448
21646,21449
6659,6146
10589,2270
11677,1165
10357,2371
13086,1773
6658,6146
10588,2270
9111,21315
10356,21081
13085,1773
6657,6146
10587,2270
10354,21081
13084,1773
6656,6146
10586,2270
10353,21081
13082,1773
6655,6146
10585,2270
19788,2005
8696,1773
10352,5799
13081,1773
13724,2577
6654,6146
10584,2270
10351,5799
13080,2005
13723,4802
6653,6146
10580,2270
10350,5799
13079,17461
6652,6146
18718,17461
10349,5799
13078,17461
12745,6233
10348,5799
10348,4114
13077,17461
23318,22600
12734,6233
10347,5799
13076,17461
23317,22600
12723,6233
10335,21081
10346,5799
13075,17461
23316,22600
12712,6233
23315,22600
20145,5251
10344,5799
13074,17461
12701,6233
10432,5799
13073,17461
12690,6233
20144,5251
10421,5799
13071,17461
12679,6233
10410,4114
13070,17461
13714,23889
13714,5743
19613,1909
12637,6233
18728,1497
19612,1909
20143,5251
10399,4114
13069,1497
13713,23889
13713,5743
10388,4114
13068,1497
7101,1497
10377,4114
13067,1497
20141,5251
10366,4114
13066,1497
20140,5251
10355,4114
13065,1497
13709,16222
10343,4114
13064,1497
13708,4114
11957,2332
13063,1497
8695,1497
11956,2332
13062,1290
12171,23889
12171,5743
11955,2332
13060,1290
20817,17319
12170,23889
12170,5743
11954,2332
13059,1290
15788,4114
12169,23889
12169,5743
13058,1290
12168,23889
12168,5743
13057,1290
13056,1290
6628,2577
7088,4802
13055,1290
6626,2577
13054,1290
13053,1290
19560,6088
12146,23030
13052,1290
6624,2997
6623,2997
12145,23030
13694,2371
12144,23030
13693,4802
7080,5970
13046,2005
13692,4802
12142,23030
13691,17692
13691,17693
19554,5970
13690,17692
13690,17693
9382,20932
13689,17693
13689,17692
13688,17692
13688,17693
12140,23030
13687,17692
13687,17693
13686,17692
13686,17693
14755,6319
13685,17692
13685,17693
13684,17693
10258,3078
14753,6319
20418,4802
14752,6319
10257,3078
14751,6319
6924,2371
16867,3078
12459,1587
14749,6319
19577,1909
12457,1587
8759,5970
10266,3078
11629,6091
14748,6319
7066,1034
12456,1587
11628,6091
12136,22420
14747,6319
12455,4115
12455,1587
11627,6091
14746,6319
12454,4115
12454,1587
14745,6319
11626,6091
12453,4115
12453,1587
9060,1903
11625,6091
14744,6319
6601,6319
12452,4115
12452,1587
9059,22420
11624,6091
12134,17450
14743,6319
6600,2997
7059,1034
12451,4115
12451,1587
13026,1909
6599,2997
7058,1034
9058,22420
10263,22433
11623,6091
14742,1909
12450,4115
12450,1587
9057,22420
11622,6091
12133,5640
7057,1034
12449,4115
12449,1587
11621,6091
19716,5970
12448,4100
12448,4115
12448,1587
15256,4346
11620,6091
12131,5640
19532,4095
12446,4100
12446,4115
12446,1587
8143,1903
8693,4095
11619,5136
12445,4100
12445,1587
9360,16206
11618,5136
12130,5640
9359,4089
12444,4100
12444,1587
11617,5136
20389,3218
9358,4089
12443,4100
12443,1587
20388,3218
11616,5136
12129,5640
9357,4089
12442,4100
12442,1587
11615,5136
9356,4089
11614,5136
6588,2997
9355,4089
11613,5136
6587,2997
9354,4089
11612,5136
12127,5640
9353,4089
21120,20748
21120,20740
11611,5136
9352,4089
12126,5640
19521,2005
9351,4089
21119,20748
21119,20740
14726,17318
11608,3967
14725,17318
17859,4454
8692,4095
10936,16222
21117,20740
21117,20748
8539,16030
12124,3633
17858,4454
8538,16030
14698,1585
21116,20740
21116,20748
7038,1097
14687,1585
8537,16030
12123,3633
7037,1097
17857,4454
14676,1585
7036,1097
21115,20740
21115,20748
8536,16030
8535,16030
12122,3633
14665,1585
7035,1097
17856,4454
7034,1097
8534,16030
14654,1585
21114,20740
21114,20748
8533,16030
12167,3633
14642,1585
21113,20748
21113,20740
7033,1097
17869,4454
14631,5785
14631,1585
7032,1097
21112,20740
21112,20748
8532,16030
14620,5785
21111,20740
21111,20748
8531,16030
10935,3140
12166,3633
7031,1097
17868,4454
12997,4095
21110,20740
21110,20748
12165,3633
12996,4095
21109,20740
21109,20748
7028,1097
17867,1671
6944,1034
7027,1097
8063,5785
8809,4322
16686,5136
17785,1034
21108,20748
21108,20740
8733,5970
21106,20748
21106,20740
8808,4322
12164,1498
14576,1585
17866,1671
8062,5785
8807,4322
12992,4095
14565,1585
21105,20740
21105,20748
18784,5785
19982,21631
7595,5372
8806,4322
10444,3218
12163,1498
12991,4095
14554,1585
17865,1671
8805,4322
12990,2089
14543,1585
19981,21631
7023,5785
7594,5372
8061,5785
19868,5785
19979,21631
8804,4322
12154,1498
12989,2089
14794,1585
7022,1034
7593,5372
17864,1671
8803,4322
10452,3218
12988,2089
14783,1585
19978,21631
7021,1034
7592,5372
8060,5785
19760,2371
19977,21631
7591,5372
8125,1367
8802,4322
12143,1498
17863,1671
7590,5372
8059,5785
19976,21631
8801,4322
10451,3218
14761,1585
8800,4322
12132,1498
14750,1585
7589,5372
19975,21631
17862,1671
19974,21631
7588,5372
8058,5785
8817,4322
10450,3218
14739,1585
19973,21631
8816,4322
12121,1498
14728,1585
7587,5372
8057,4297
17855,1671
7586,2090
8056,4297
8815,4322
9018,22420
9326,1357
10287,6026
10449,3218
12981,2089
14653,1585
17881,5372
19972,21631
21135,20748
21135,20740
14542,1585
8814,4322
9017,22420
12980,2089
19971,21631
21124,20748
21124,20740
7585,2090
8071,4297
19970,21631
21123,20740
21123,20748
8813,4322
9016,22420
10448,3218
12979,2089
7584,2090
7583,2090
8070,4297
8812,4322
19748,5648
20009,16033
20008,16033
7582,2090
23363,22433
21122,20748
21122,20740
8811,4322
9014,22420
10447,3218
17783,1034
19485,16654
8810,4322
9013,22420
7581,1306
8069,4297
20007,16033
7007,2817
7580,1306
21121,20748
21121,20740
8799,4322
10446,3218
7006,2817
7579,1306
8068,4297
10218,16033
20608,2090
20006,16033
20092,5251
21118,20748
21118,20740
7005,2817
7578,1306
10445,3218
11869,5251
12973,2089
7577,1306
8067,4297
8110,1367
10216,16033
20005,16033
7576,1306
10443,3218
10443,17471
21107,20748
21107,20740
8066,4297
8109,1367
7002,2817
7575,1306
8065,4297
10215,5970
12969,2089
16884,6146
20002,16033
6942,1034
17880,5372
21096,20748
7001,2817
7574,1306
8064,4297
12968,2089
7000,2817
12967,2089
19991,16033
12966,2089
6999,2817
19980,16033
8055,4297
8055,3380
20766,16654
19969,16033
20757,16654
8797,4100
8795,16033
20023,2332
7567,5660
7566,5660
20029,2006
11855,22403
11855,22435
7565,5660
23305,22435
23305,22403
11854,22403
11854,22435
7564,5660
11852,22403
11852,22435
7563,5660
11851,22435
11851,22403
7562,5660
7561,5660
23304,22403
23304,22435
11850,22403
11850,22435
11952,55
11849,22435
11849,22403
17198,1343
19645,4465
7560,5660
6524,1313
7559,5660
11848,22435
11848,22403
11847,22435
11847,22403
12951,1672
23303,22435
23303,22403
6523,1313
6983,1672
7558,5660
17166,5858
20020,2006
11846,22403
11846,22435
7557,3156
8988,5858
11845,22403
11845,22435
7556,3156
8022,21072
11844,22403
11844,22435
17200,5858
20031,2006
23299,22403
23299,22435
7555,3156
10201,1327
8796,1651
11843,22435
11843,22403
7554,3156
8021,21072
11841,22435
11841,22403
7553,3156
11840,22403
11840,22435
7552,3156
8020,21072
7551,3156
11839,22403
11839,22435
11838,22435
11838,22403
7550,3156
8019,21072
20274,16655
11837,22403
11837,22435
6973,16655
6512,21295
6972,16655
8018,21072
20263,16655
11836,22435
11836,22403
11835,22435
11835,22403
11946,5233
11971,5858
6971,16655
19728,2523
20403,16655
8017,21072
11834,22435
11834,22403
12554,1843
11833,22403
11833,22435
11970,5858
8077,2371
6508,5870
8016,21072
11832,22403
11832,22435
11832,1174
11900,22435
11900,22403
11969,5858
20370,21625
6507,5870
11899,22435
11899,22403
8015,21072
11968,5858
20359,21625
8972,22417
11897,22403
11897,22435
23253,22417
8014,21072
11967,5858
9610,21072
19756,2523
20348,21625
23252,22417
11886,22435
11886,22403
8013,21072
11966,5858
19755,2523
20337,21625
11875,22403
11875,22435
18753,4802
23251,22417
8012,21072
11965,5858
8967,22420
20326,21625
23250,22417
11864,22435
11864,22403
8011,21072
11958,5858
10262,2523
10217,1772
11853,22435
11853,22403
23249,22417
9601,20742
11528,5648
23324,21625
6493,2220
6954,3440
10206,5858
11842,22435
11842,22403
6492,2220
23248,22417
11831,22435
11831,22403
8961,22417
10195,5858
19575,6088
23323,21625
8959,22420
12916,3440
23246,22417
23319,21625
8433,19
12913,2005
12912,22078
12912,22079
12911,22078
12911,22079
6922,1067
12910,22078
12910,22079
6921,1586
12909,5648
6920,1586
7519,2220
8951,22420
12908,5648
6919,1586
12907,22078
12907,22079
8949,6088
12905,22078
12905,22079
17090,21625
12904,22078
12904,22079
12903,22078
12903,22079
17089,21625
8946,2025
12902,2220
6915,5870
12901,2220
6914,5870
7336,16222
6913,5870
12900,4203
11509,1586
12899,4203
6911,5870
17154,13533
11508,1586
12898,4203
6910,5870
11507,1586
12897,4203
6909,17309
7331,23021
7331,23020
8010,16210
12896,4203
6908,17309
7330,23021
7330,23020
17153,13533
6907,17309
7329,23021
7329,23020
8009,16210
10487,3563
13309,4203
13308,4203
17152,13533
6906,17309
7328,23020
7328,23021
6905,17309
7327,23020
7327,23021
7505,20937
7505,20936
13307,4203
17151,13533
12517,4092
13306,4203
6904,17309
7326,23021
7326,23020
7504,20937
7504,20936
17150,13533
12516,4092
13305,4203
17149,13533
6903,17309
7325,23020
7325,23021
7503,20937
7503,20936
12515,4092
13304,4203
6902,17309
7324,23021
7324,23020
7502,20937
7502,20936
17148,13533
12514,4092
13303,3062
13303,3336
17147,13533
6900,17309
7323,1357
7501,20937
7501,20936
8008,3440
12513,4092
13302,3062
13302,3336
6899,17309
7322,2025
7500,20936
7500,20937
8007,16210
17146,13533
6898,5213
12512,4092
13301,3062
13301,3336
7320,2025
7499,20936
7499,20937
8006,16210
17145,13533
6897,5213
12511,4092
15392,989
13300,3062
13300,3336
7319,16645
7498,20936
7498,20937
8005,16210
17144,13533
6896,5213
12509,4092
13298,3062
13298,3336
7318,16645
7497,20936
7497,20937
8004,16210
17143,13533
12508,4092
13297,3062
13297,3336
6895,5213
7317,16645
7496,20936
7496,20937
12507,4092
13296,3062
13296,3336
17067,3440
17142,13533
6894,5213
7316,16645
7495,20936
7495,20937
8003,16210
12506,4092
9361,22617
9361,22618
13295,3062
13295,3336
6893,5213
7315,16645
7494,4452
8002,16210
7314,16645
12505,4092
9350,22617
9350,22618
13294,3062
13294,3336
6892,5213
7493,4452
8001,16210
16100,13533
12504,4092
9339,22617
9339,22618
11490,21301
11490,21302
13293,3062
13293,3336
16920,6125
6891,5213
7313,16645
7492,4452
8000,16210
6889,5213
7312,16645
7491,4452
7999,16210
16099,13533
16919,6125
9328,22617
9328,22618
11489,21301
11489,21302
12503,2218
13292,3062
13292,3336
9648,22617
9648,22618
11488,21301
11488,21302
12502,2218
13291,3062
13291,3336
16918,6125
6888,5213
7311,1672
7490,4452
8054,2496
6887,1879
7309,1672
7489,4452
8053,2496
16098,13533
16917,6125
17132,3440
17165,13530
8395,1586
9637,22617
9637,22618
11487,21301
11487,21302
12501,2218
13290,1776
16906,1879
16916,6125
17141,1879
17164,13530
6886,1879
7308,5638
7488,4452
8052,2496
8710,2055
8710,1776
9626,22618
9626,22617
9626,5933
11486,21301
11486,21302
12500,2218
13289,1776
15428,16645
16097,13533
16915,6125
17163,13530
17172,2496
17173,13530
9615,22617
9615,22618
11485,3969
12498,2218
13287,2055
13287,1776
6885,1879
7307,5638
7487,4452
6884,1879
6934,5638
7306,5638
7486,4452
9604,22617
9604,22618
11484,3969
12497,2218
13286,2055
13286,1776
16914,6125
17162,13530
17171,2496
17775,5638
16096,13533
16913,6125
17161,13530
17170,2496
9593,22617
9593,22618
11483,3969
12496,2218
13285,2055
13285,1776
6883,1879
7305,5638
7485,4452
9549,22617
9549,22618
11482,3969
12495,2218
13284,2055
13284,1776
16912,6125
17140,1879
17160,13530
17169,2496
6882,1879
7304,5638
7484,4452
16911,6125
17159,13530
17168,2496
6881,1270
7303,5638
7483,4452
8389,5949
9438,22617
9438,22618
12494,2218
13283,2055
13283,1776
15425,5213
8388,5949
9327,6255
11092,2319
11092,2820
11480,16027
12493,2218
13282,1776
6880,1270
7302,5638
7482,4452
17062,15912
17158,13530
17167,2496
17157,3435
6878,1270
7301,5638
7481,2111
7481,17466
8386,5949
9659,6255
11091,2820
11091,2319
11479,16027
12492,2218
13281,2055
13281,1776
6877,1270
7300,3161
8384,5949
11090,2319
11090,2820
11346,2001
11350,1500
11478,16027
12491,1377
13280,2055
13280,1776
15424,2496
8373,5949
11089,2319
11089,2820
11345,2001
11349,1500
11477,16027
12490,1377
13279,1335
6876,1270
7298,3161
6875,1270
7297,3161
8362,5949
11088,2319
11088,2820
11344,2001
11447,1500
11476,16027
12489,1377
13278,2055
13278,1335
6874,1270
7296,3161
8351,5949
11087,2319
11087,2820
11343,2001
11446,1500
11475,16027
12487,1377
13276,2055
13276,1335
15423,2496
16905,1270
6873,1270
7295,3161
8340,5949
8709,2055
8709,1335
11086,2319
11086,2820
11342,2001
11445,1500
11474,16027
12486,1377
13275,2055
13275,1335
8329,5949
11085,2319
11085,2820
11341,2001
11444,1500
11473,16027
12485,1377
13274,1335
6872,1270
7294,3161
16601,1676
6871,1270
6923,3161
7293,3161
8318,1676
11084,2319
11084,2820
11340,2001
11443,3435
11472,16027
12484,1377
13273,2055
13273,1335
6870,1270
7292,3161
8307,1676
11082,2319
11082,2820
11339,2001
11442,3965
11442,17465
11471,16027
12483,1377
13272,1335
7291,3161
8296,1676
11081,2820
11081,2319
11338,4770
11338,2111
11338,17466
11441,3965
11441,17465
11470,16027
12482,1377
13271,2055
13271,1335
11440,3965
11440,17465
12481,1377
8284,1676
11080,2319
11080,2820
11337,4770
11337,2111
11337,17466
11469,16027
13270,1335
7290,3161
7286,88
8273,1676
11079,2319
11079,2820
11335,4770
11335,2111
11335,17466
11439,3435
11468,5507
12480,1377
13269,1335
7274,88
8262,1676
11078,2820
11078,2319
11334,4770
11334,2111
11334,17466
11438,3965
11438,17465
11467,5507
12479,1192
13268,1335
7263,88
11436,3965
11436,17465
8251,1676
11077,2319
11077,2820
11333,17468
11466,5507
12478,1192
13267,15906
7252,88
8240,1676
11076,2820
11076,2319
11332,17468
11435,3965
11435,17465
11465,5507
12476,1192
13265,15906
7241,88
8229,1676
11075,2319
11075,2820
11331,17468
11434,3435
11434,1231
11464,5507
12475,1192
13264,15906
7230,88
8218,1676
11074,2820
11074,2319
11330,4770
11330,2111
11330,17466
11433,3435
11463,5507
12474,1192
13263,15906
7219,88
8207,1676
8708,15906
11073,2319
11073,2820
11329,17468
11432,3435
11462,5507
12473,1192
13262,15906
7208,88
11071,2319
11071,2820
8196,1237
11328,17468
11431,3435
11461,5507
12472,1192
13261,15906
7197,88
16681,5507
8185,1237
11070,2319
11070,2820
11327,2110
11327,2001
11327,1164
11327,1130
11430,3435
11460,5507
12471,1192
13260,15906
6816,1208
7186,88
6804,1208
8173,1237
11069,2820
11069,2319
11326,2110
11326,2001
11326,1164
11326,1130
11429,3435
11459,5507
12470,1192
13259,15906
7175,1243
8162,1237
11068,2319
11068,2820
11324,2110
11324,2001
11324,1164
11324,1130
11428,3435
11458,2542
12469,1192
6793,6332
7163,1243
6782,6332
8151,1237
11067,2319
11067,2820
11323,2110
11323,2001
11323,1164
11323,1130
11427,3435
11427,1231
11457,2542
12468,1147
11425,3435
7152,1243
8140,1237
11066,2319
11066,2820
11322,2001
11322,2110
11322,1164
11322,1130
11456,2542
12467,1147
6771,6332
7141,1243
11424,3435
11065,2319
11065,2820
11321,2001
11321,2110
11321,1164
11321,1130
11455,2542
12465,1147
6760,6332
8129,1237
7130,1243
11423,3435
6749,6332
8118,1237
11064,2319
11064,2820
11320,2001
11320,2110
11320,1164
11320,1130
11454,2542
12464,1147
11422,1500
11422,1231
6738,6332
7119,1243
8107,1237
9701,2542
11063,1169
11319,2110
11319,2001
11319,1164
11319,1130
12463,1147
13252,15906
11421,3435
7108,1243
9700,2542
11062,1169
11318,2001
11318,2110
11318,1164
11318,1130
12462,1147
13251,15906
6727,6332
8096,1237
7097,1243
11420,3435
9699,2542
11060,1169
11317,2001
11317,2110
11317,1164
11317,1130
12461,1147
13250,15906
19021,3440
6716,6332
8085,1211
7086,1243
11419,3435
6705,6332
9698,2542
11059,1169
11316,2001
11316,2110
11316,1164
11316,1130
12458,1147
13249,15906
11418,1500
7075,1243
6693,6332
8074,1211
16894,6332
23467,21441
8707,15906
9697,2542
10680,21441
11058,1169
11315,2001
11315,2110
11315,1164
11315,1130
13248,15906
11417,1500
7064,1213
6682,6332
9696,17469
10679,21441
11057,1169
11313,2110
11313,2001
11313,1164
11313,1130
12447,1147
13247,15906
11416,1500
7052,1213
6671,6332
8442,1211
9694,17469
10678,21441
11056,1169
11312,2001
11312,2110
11312,1164
11312,1130
13239,15906
11414,3965
11414,17465
7041,1213
6660,6332
9693,17469
10677,21441
11055,1169
11311,2001
11311,2110
11311,1164
11311,1130
12436,1147
13228,15906
8431,1211
11310,2001
11310,2110
11310,1164
11310,1130
11413,3965
11413,17465
6649,6332
7030,1213
9692,17469
10675,21441
11054,1169
13216,15906
11412,3965
11412,17465
6638,6332
7019,1213
9691,17469
10674,21441
11053,1169
11309,2001
11309,2110
11309,1164
11309,1130
12425,1147
13205,15906
8420,1211
11308,2110
11308,2001
11308,1164
11308,1130
11411,1500
6627,6332
7008,1213
9690,17469
10673,21441
11052,1169
13194,15906
11307,2001
11307,2110
11307,1164
11307,1130
11410,3965
11410,17465
6616,6332
6997,1213
9689,17469
10672,21441
11051,1169
12414,1119
13183,15906
8409,1211
11306,2001
11306,2110
11306,1164
11306,1130
11409,3965
11409,17465
6605,6332
6986,1213
9688,17469
10671,21441
11049,1169
13172,15906
11305,2110
11305,2001
11305,1164
11305,1130
11408,3965
11408,17465
6594,6332
6975,1213
9687,17469
10670,21441
11048,1169
12543,1119
13161,15906
15526,17469
8398,1211
11304,2001
11304,2110
11304,1164
11304,1130
11407,3965
11407,17465
6582,6332
6964,1213
9686,17469
10669,3557
11047,1169
13150,15906
11302,2110
11302,2001
11302,1164
11302,1130
11406,3965
11406,17465
6571,6332
6953,87
9685,17462
10667,3557
11046,1169
12532,1119
8387,1211
11301,2001
11405,1500
6560,6332
7343,87
9683,17462
10656,3557
11045,1169
16883,6332
11300,2001
11403,1500
13117,17296
6549,6332
7332,87
9682,17462
10645,3557
11044,1169
12521,1119
8295,1211
11299,2001
13105,17296
6538,6332
7321,87
9681,17462
10753,3557
11043,1169
11298,2001
13094,17296
6527,6332
7310,87
9680,17462
10742,3557
11042,1169
12510,1119
11297,2001
13083,17296
6516,6332
8184,1211
9679,17462
11041,1169
11296,2001
13072,17296
6505,6332
7299,87
9678,17462
10731,3557
11040,1169
12499,1119
11295,2001
13061,17296
6494,6332
8073,1211
9677,17462
11038,1169
11294,2001
13050,17296
6483,6332
7285,87
9676,17462
10720,3557
11037,1169
11397,20736
12488,1119
11293,17468
13039,17296
6912,6332
9675,17462
11036,1169
11396,3965
11396,17465
11291,17468
13028,17296
6901,6332
7174,87
9674,1148
10709,3557
11035,1169
11395,3965
11395,17465
12477,1119
13017,17296
6890,6332
9796,1148
11034,1169
11290,17468
11394,3965
11394,17465
13006,17296
6879,6332
7063,87
9795,1148
10698,3557
11033,1169
11289,17468
11392,3965
11392,17465
12466,1119
12994,17296
6868,6332
9794,1148
11032,5060
11032,17467
11288,17468
11391,3965
11391,17465
12413,1119
12983,17296
6815,6332
6951,87
9793,1148
10687,3557
11031,5060
11031,17467
11287,17468
11390,3965
11390,17465
12972,17296
9792,1148
11030,1169
11286,17468
11389,3965
11389,17465
12961,17296
6704,6332
8687,17296
9791,1148
10676,3557
11029,1169
11285,17468
11388,3965
11388,17465
12950,17296
9790,1148
11027,5060
11027,17467
11284,17468
11387,3965
11387,17465
12939,17296
6593,6332
9789,1148
10644,3557
11026,5060
11026,17467
11283,17468
11386,3965
11386,17465
12928,17296
9788,1148
11025,5060
11025,17467
11282,17468
11385,3965
11385,17465
12917,17296
6482,6332
8911,1118
9787,1148
11024,5060
11024,17467
11280,17468
11384,3965
11384,17465
12906,17296
11023,5060
11023,17467
11383,3965
11383,17465
12895,17296
8910,1118
9784,1148
11022,5060
11022,17467
11381,3965
11381,17465
9783,1148
11021,5060
11021,17467
11380,3965
11380,17465
13299,17296
8909,1118
9782,1148
11020,5060
11020,17467
11379,3965
11379,17465
13288,17296
9781,1148
11019,5060
11019,17467
11378,3965
11378,17465
13277,17296
8908,1118
9780,1148
11377,3965
11377,17465
13266,17296
16926,16214
9779,1148
8907,1118
13255,17296
17721,16214
17720,16214
8906,1118
13227,17296
17719,16214
17718,16214
13116,17296
17717,16214
16988,4302
17724,16214
11368,3965
11368,17465
13005,17296
17723,16214
16987,4302
17722,16214
12894,17296
17730,16214
16986,4302
17729,16214
17728,16214
16985,4302
17727,16214
11260,21442
11258,21442
17726,16214
16984,4302
17725,16214
11257,21442
11361,20935
11361,20934
11256,21442
11359,20935
11359,20934
16983,4302
11255,21442
11358,20934
11358,20935
11254,21442
11357,20934
11357,20935
16982,4302
11253,21442
11356,20934
11356,20935
11252,21442
11355,20935
11355,20934
16981,4302
11354,20934
11354,20935
11251,21442
11353,20935
11353,20934
16980,4302
11352,20935
11352,20934
9886,3035
11250,21442
11351,20935
16979,4302
11249,5282
11348,3385
11336,5282
11437,3385
11325,5282
11426,3385
11314,5282
11415,3385
11303,5282
11404,3385
11292,5282
11393,3385
11281,5282
11382,3385
11270,5282
11371,3385
11259,5282
11360,3385
11248,5282
11347,3385
8860,20726
8860,20725
23356,20726
23356,20725
8859,20726
8859,20725
17138,5857
23355,20725
23355,20726
22639,20725
22639,20726
8858,20725
8858,20726
17137,5857
17136,5857
17135,5857
17134,5857
9673,22409
9673,22408
9786,22409
9786,22408
9775,22408
9775,22409
9764,22409
9764,22408
9753,22409
9753,22408
9742,22409
9742,22408
9731,22408
9731,22409
9720,22408
9720,22409
11017,16657
9709,22409
9709,22408
11173,16657
11162,16657
11151,16657
11140,16657
11129,16657
11118,16657
11107,16657
16859,5857
16848,5857
11096,5060
11096,17467
11016,16657
16837,5857
16826,5857
15698,5857
15697,5857
12560,22608
12560,22609
12559,22608
12559,22609
12558,22608
12558,22609
12557,22608
12557,22609
12556,22608
12556,22609
12574,22608
12574,22609
12573,5135
11214,16202
12572,5135
11213,16202
12571,5135
11212,16202
12570,5135
16700,6183
11211,16202
12569,3172
16699,6183
12568,3172
16698,6183
11210,2064
7922,21606
7915,21606
7904,21606
11206,2064
12566,3172
16689,6183
11195,2064
12555,3172
7882,83
7871,83
11184,2064
7860,83
7849,83
16717,21805
16717,21804
16716,21804
16716,21805
16715,21804
16715,21805
16791,3973
16780,3973
21153,17676
21153,17677
16769,3973
21152,17676
21152,17677
16758,3973
21151,17676
21151,17677
21150,17676
21150,17677
10008,1231
15787,16639
17481,1340
18484,1934
18484,1204
18893,17314
18894,17314
18987,16025
18988,16025
19459,1116
19460,1116
19461,1116
19462,1116
19463,1116
19464,1116
19846,16639
19847,16639
